therapist_user_id,full_name,email,staff_id,active_case_count,active_case_codes,missing_logs_2plus_days,oldest_missing_session_date,newest_missing_session_date,missing_case_codes
67,Madhu Shalini R S,madhushalinirs01@gmail.com,,0,,1,05-06-2026,05-06-2026,IC-2026-SS-001
70,Therapist Demo,therapist@demo.com,,0,,10,10-06-2026,12-06-2026,IC-2026-HC-001
78,K. K. Srividya,srividyakk2002@gmail.com,,0,,1,08-06-2026,08-06-2026,IC-2026-SS-015
80,Athira Thomas,athirathomas1998@gmail.com,,0,,1,08-06-2026,08-06-2026,IC-2026-SS-005
84,Namratha N,nlnamrathanl@gmail.com,,0,,1,11-06-2026,11-06-2026,IC-2026-HC-005
86,Ananya Chakraborty,tusichakraborty169@gmail.com,,0,,1,05-06-2026,05-06-2026,IC-2026-SS-008
105,therapist demoo,demotherapist@demo.com,,0,,1,05-06-2026,05-06-2026,IC-2026-SS-016
130,Sanika Anoop K,sanikaanoop@gmail.com,,0,,4,16-06-2026,19-06-2026,IC-2026-SS-073
139,Spoorthi P,spoorthysarathy143@gmail.com,,0,,2,19-06-2026,19-06-2026,IC-2026-HC-110; IC-2026-SS-086
141,Oindrila Bhattacharya,boindrila20@gmail.com,,0,,1,19-06-2026,19-06-2026,IC-2026-HC-074
147,Benita Charles,benitacharles127@gmail.com,,0,,1,23-06-2026,23-06-2026,IC-2026-SS-105
153,Rani Ganjave,raniganjve21@gmail.com,,0,,1,17-06-2026,17-06-2026,IC-2026-SS-134
174,Sukanya Acharyya,sukanyaacharyya19@gmail.com,,0,,1,17-06-2026,17-06-2026,IC-2026-SS-042
191,Haridra Vivek,haridrathachodiyil@gmail.com,,0,,1,16-06-2026,16-06-2026,IC-2026-SS-067
205,Anmol Chaudhari,anmolchaudhari21@gmail.com,,0,,1,16-06-2026,16-06-2026,IC-2026-SS-029
235,Jeneepeaceful Iawphniaw,jeneepeaceful2023@gmail.com,,0,,2,22-06-2026,22-06-2026,IC-2026-SS-066
238,Epahi Das Vijay,epahidas@gmail.com,,0,,1,23-06-2026,23-06-2026,IC-2026-HC-021
241,Noor Maryam,noormaryamm21@gmail.com,,0,,4,16-06-2026,23-06-2026,IC-2026-SS-026
248,Gayathri J,gayathrilekshmi07@gmail.com,,0,,2,16-06-2026,17-06-2026,IC-2026-SS-034
267,Sirisha S R,mhoffl.sirisha@gmail.com,,0,,1,23-06-2026,23-06-2026,IC-2026-HC-132
315,Pooja Barua,poojabarua219@gmail.com,,0,,3,18-06-2026,19-06-2026,IC-2026-SS-115
333,Amrapali Guha Majumder,amrapaligmajumder@gmail.com,,0,,1,17-06-2026,17-06-2026,IC-2026-HC-041
342,Jayamaikodi S,jayamaikodiselvam@gmail.com,,0,,7,19-06-2026,23-06-2026,IC-2026-HC-072; IC-2026-HC-116; IC-2026-SS-143
348,Aifha P,aifhapoolakkal@gmail.com,,0,,1,23-06-2026,23-06-2026,IC-2026-SS-095
586,Abirami Siddheshwar Kharatmal,abiramik1207@gmail.com,,0,,1,18-06-2026,18-06-2026,IC-2026-HC-038
636,Diya Bimal,diyabimal2003@gmail.com,,0,,1,23-06-2026,23-06-2026,IC-2026-SS-177
637,Meenakshi Nair,meenakshinair142@gmail.com,,0,,1,22-06-2026,22-06-2026,IC-2026-SS-178
